,column,importance
6,residence_type,-0.5760254212365402
4,ever_married,-0.5720114933623827
5,work_type,-0.5383697927705853
0,gender,-0.47500476411275044
2,hypertension,-0.31028822591967203
9,smoking_status,-0.29722947628283014
3,heart_disease,-0.2775638821739595
8,bmi,0.004738996277988268
7,avg_glucose_level,0.3415637189505426
1,age,2.1239821423140963
